url,type,status_code,title,meta_description,h1
https://www.templeboyer-legal.fr/,page,200,"Temple Boyer Legal – cabinet d’avocat d’affaires international","Pour le cabinet d'avocat d'affaires international qu'est Temple Boyer Legal, l'avocat doit allier les valeurs traditionnelles du métier (sens de l'écoute et empathie, disponibilité, réactivité et intégrité) à de nouvelles qualités désormais attendues par la clientèle : créativité, adaptabilité et pragmatisme, et ce pour parvenir à des solutions juridiques à la fois protectrices et en ligne avec les attentes des opérationnels et les enjeux du business.","Présentation et valeurs du Cabinet"
https://www.templeboyer-legal.fr/le-cabinet,page,200,,,
https://www.templeboyer-legal.fr/competences,page,200,,,
https://www.templeboyer-legal.fr/competences/contrats-commerciaux-et-industriels.html,page,200,,,
https://www.templeboyer-legal.fr/honoraires,page,200,,,
https://www.templeboyer-legal.fr/partenariats,page,200,,,
https://www.templeboyer-legal.fr/contact,page,200,,,
https://www.templeboyer-legal.fr/plan-d-acces,page,200,,,
https://www.templeboyer-legal.fr/publications-actualites,category,200,,,
https://www.templeboyer-legal.fr/rss.php,rss,200,,,
https://www.templeboyer-legal.fr/rss.php?guide,page,200,,,
https://www.templeboyer-legal.fr/mentions-legales,page,200,,,
https://www.templeboyer-legal.fr/confidentialite,page,200,,,
https://www.templeboyer-legal.fr/publications-actualites/liste-des-publications-juridiques-2007-2026.html,category,200,,,
https://www.templeboyer-legal.fr/publications-actualites/droit-des-contrats.html,category,200,,,
https://www.templeboyer-legal.fr/publications-actualites/contentieux-et-procedure.html,category,200,,,
https://www.templeboyer-legal.fr/publications-actualites/droit-commercial.html,category,200,,,
https://www.templeboyer-legal.fr/publications-actualites/droit-de-la-concurrence.html,category,200,,,
https://www.templeboyer-legal.fr/publications-actualites/droit-de-la-distribution.html,category,200,,,
https://www.templeboyer-legal.fr/publications-actualites/droit-de-la-consommation.html,category,200,,,
https://www.templeboyer-legal.fr/publications-actualites/propriete-intellectuelle-et-industrielle.html,category,200,,,
https://www.templeboyer-legal.fr/publications-actualites/e-commerce.html,category,200,,,
https://www.templeboyer-legal.fr/publications-actualites/droit-europeen-et-international.html,category,200,,,
https://www.templeboyer-legal.fr/publications-actualites/contrats-industriels-complexes-ingenierie.html,category,200,,,
https://www.templeboyer-legal.fr/publications-actualites/expertise-sectorielle.html,category,200,,,
https://www.templeboyer-legal.fr/publication-51059-actualites-janvier-2026-le-tiers-au-contrat-ne-peut-pas-tout-avoir-agir-en-responsabilite-pour-manquement-contractuel-sans-subir-les-limites-contractuelles-prevues.html,post,,,,
https://www.templeboyer-legal.fr/publication-50926-actualites-janvier-2025-quels-recours-possibles-en-cas-dinexecution-contractuelle-quelques-precisions-utiles-sur-lexecution-en-nature-et-la-reduction-unilaterale-du-prix.html,post,,,,
https://www.templeboyer-legal.fr/publication-50902-actualites-octobre-2024-attention-aux-echanges-dinformations-entre-concurrents-ils-ne-sont-pas-anodins.html,post,,,,
https://www.templeboyer-legal.fr/publication-50897-actualites-octobre-2024-un-fournisseur-peut-etablir-sa-creance-et-exiger-le-paiement-de-son-client-recalcitrant-sur-la-base-des-seules-factures-emises-par-lui.html,post,,,,
https://www.templeboyer-legal.fr/publication-50892-actualites-octobre-2024-de-lutilite-des-clauses-limitatives-de-responsabilite-a-legard-des-tiers-dans-un-contrat-quil-soit-international-ou-non.html,post,,,,
https://www.templeboyer-legal.fr/publication-50889-actualites-septembre-2024-attention-a-ne-pas-confondre-signature-numerisee-et-signature-electronique-il-en-va-de-la-validite-meme-du-contrat.html,post,,,,
https://www.templeboyer-legal.fr/publication-50874-actualites-juin-2024-penalites-logistiques-comment-les-contester.html,post,,,,
https://www.templeboyer-legal.fr/publication-50870-actualites-mai-2024-appliquer-sa-loi-a-un-contrat-international-nest-decidement-pas-toujours-le-meilleur-choix.html,post,,,,
https://www.templeboyer-legal.fr/publication-50845-actualites-fevrier-2024-la-responsabilite-du-professionnel-en-cas-de-vice-cache-du-bien-vendu--3-rappels-utiles.html,post,,,,
https://www.templeboyer-legal.fr/publication-50834-actualites-fevrier-2024-de-limportance-du-choix-de-loi-applicable-dans-un-contrat-international-dagence-commerciale-et-autres-lecons-utiles-pour-un-mandant.html,post,,,,
https://www.templeboyer-legal.fr/publication-50828-actualites-janvier-2024-faut-il-necessairement-adresser-une-mise-en-demeure-prealable-avant-de-rompre-un-contrat.html,post,,,,
https://www.templeboyer-legal.fr/publication-50814-actualites-decembre-2023--case-study--attention-a-linformation-precontractuelle-en-b2b-quand-le-mieux-est-lennemi-du-bien.html,post,,,,
https://www.templeboyer-legal.fr/publication-50805-actualites-septembre-2023-l-indemnite-de-rupture-d-une-relation-commerciale-etablie-peut-elle-etre-moins-elevee-si-la-victime-s-est-reconvertie-avec-succes.html,post,,,,
https://www.templeboyer-legal.fr/publication-49401-actualites-janvier-2023-lallegation-neutralite-carbone-nest-pas-neutre-attention-aux-nouvelles-sanctions-pour-greenwashing-depuis-le-1er-janvier-2023.html,post,,,,
https://www.templeboyer-legal.fr/publication-47978-legal-news-janvier-2023-quand-le-rgpd-protege-les-entreprises-europeennes-contre-les-procedures-americaines.html,post,,,,
https://www.templeboyer-legal.fr/publication-47974-legal-tip-janvier-2023-vendeurs-en-b2c-peut-on-contrer-lannulation-dune-commande-par-un-consommateur-pour-irregularite-formelle-du-contrat.html,post,,,,
https://www.templeboyer-legal.fr/publication-47895-actualites-mars-2022-penalites-logistiques-comment-les-contester.html,post,,,,
https://www.templeboyer-legal.fr/publication-47886-actualites-mars-2022-guerre-en-ukraine-peut-on-interrompre-l-execution-des-contrats-en-cours-pour-force-majeure.html,post,,,,
https://www.templeboyer-legal.fr/publication-47876-actualites-fevrier-2022-technique-contractuelle-comment-rendre-efficaces-ses-conditions-generales-et-faire-en-sorte-quelles-simposent-au-partenaire-interne-ou-international.html,post,,,,
https://www.templeboyer-legal.fr/publication-47793-actualites-juin-2021-de-limportance-de-la-lisibilite-des-conditions-generales-entre-professionnels.html,post,,,,
https://www.templeboyer-legal.fr/publication-47791-actualites-mai-2021-attention-de-bien-notifier-en-cas-de-recours-a-un-appel-doffres-la-date-de-fin-de-preavis-pour-eviter-lecueil-de-la-rupture-brutale-dune-relation-commerciale-etablie.html,post,,,,
https://www.templeboyer-legal.fr/publication-47789-actualites-avril-2021-deux-arrets-interessants-quand-on-est-poursuivi-pour-rupture-brutale-d-une-relation-commerciale-etablie.html,post,,,,
https://www.templeboyer-legal.fr/publication-47693-actualites-mars-2021-plus-que-deux-semaines-pour-mettre-en-conformite-sa-politique-cookies.html,post,,,,
https://www.templeboyer-legal.fr/publication-47335-actualites-octobre-2019-en-attendant-la-recette-finale-des-cookies.html,post,,,,
https://www.templeboyer-legal.fr/publication-46604-actualites-avril-2019-430-clauses-jugees-illicites-et-abusives-qui-dit-mieux.html,post,,,,
https://www.templeboyer-legal.fr/publication-46410-actualites-avril-2019-mise-en-demeure-a-un-consommateur-attention-a-la-pratique-commerciale-trompeuse.html,post,,,,
https://www.templeboyer-legal.fr/publication-42113-actualites-juillet-2018-attention-au-respect-des-clauses-de-reglement-des-differends.html,post,,,,
https://www.templeboyer-legal.fr/publication-41825-actualites-mai-2018-la-rupture-pendant-la-periode-dessai-ne-prive-plus-lagent-commercial-de-lindemnite-compensatrice-de-fin-de-contrat.html,post,,,,
https://www.templeboyer-legal.fr/publication-41713-actualites-mars-2018-ma-contribution-dans-l-officiel-des-cuisinistes-quels-contrats-pour-quelles-enseignes.html,post,,,,
https://www.templeboyer-legal.fr/publication-41591-actualites-janvier-2018--de-limportance-de-la-mise-en-demeure-avant-dagir-en-justice.html,post,,,,
https://www.templeboyer-legal.fr/publication-41123-actualites-septembre-2017--clauses-contradictoires-attention-a-vos-contrats.html,post,,,,
https://www.templeboyer-legal.fr/publication-39983-actualites-avril-2017--la-revision-du-prix-pour-imprevision-faut-il-toujours-lapprehender-dans-le-contrat-et-si-oui-comment.html,post,,,,
https://www.templeboyer-legal.fr/publication-39831-actualites-avril-2017-interview-dans-le-numero-du-mois-d-avril-de-la-revue-notre-temps.html,post,,,,
https://www.templeboyer-legal.fr/publication-39081-actualites-mars-2017-contrat-international-rupture-de-relation-commerciale-comment-eviter-l-indemnisation-classique.html,post,,,,
https://www.templeboyer-legal.fr/publication-38196-actualites-janvier-2017-la-sanction-pour-non-respect-du-plafonnement-des-delais-de-paiement-est-relevee-a-2-millions-deuros.html,post,,,,
https://www.templeboyer-legal.fr/publication-33466-actualites-septembre-2016-le-plafonnement-legal-des-delais-de-paiement-dans-les-contrats-internationaux-l-exemple-francais.html,post,,,,
https://www.templeboyer-legal.fr/publication-31382-actualites-juillet-2016-consommation-vie-pratique-femme-actuelle-n-1647.html,post,,,,
https://www.templeboyer-legal.fr/publication-30580-actualites-juin-2016-droit-a-loubli-et-dereferencement-suite.html,post,,,,
https://www.templeboyer-legal.fr/publication-29216-actualites-fevrier-2016-droit-a-loubli-et-dereferencement.html,post,,,,
https://www.templeboyer-legal.fr/publication-29111-actualites-janvier-2016-contrat-international-rupture-des-relations-etablies--juridiction-competente.html,post,,,,
https://www.templeboyer-legal.fr/publication-28392-actualites-decembre-2015-mediation-des-litiges-de-consommation.html,post,,,,
https://www.templeboyer-legal.fr/publication-27215-actualites-novembre-2015-mediation-litiges-de-consommation.html,post,,,,
https://www.templeboyer-legal.fr/publication-26900-actualites-octobre-2015-safe-harbor-invalide-consequences-sur-les-contrats-en-cours.html,post,,,,
https://www.templeboyer-legal.fr/publication-26672-actualites-octobre-2015-volkswagen-pratiques-commerciales-trompeuses.html,post,,,,
https://www.templeboyer-legal.fr/publication-26415-actualites-septembre-2015-droit-a-l-oubli-et-dereferencement.html,post,,,,
https://www.templeboyer-legal.fr/publication-26355-actualites-juin-2015-agent-commercial-pas-d-indemnite-compensatrice.html,post,,,,
https://www.templeboyer-legal.fr/publication-26147-actualites-exploitant-industriel-responsabilite-environnementale.html,post,,,,
https://www.templeboyer-legal.fr/publication-25886-actualites-pratiques-commerciales-deloyales-et-bonne-foi-inoperante.html,post,,,,
https://www.templeboyer-legal.fr/publication-25885-actualites-copie-privee-et-cybercommerce.html,post,,,,
https://www.templeboyer-legal.fr/publication-25884-actualites-procedure-civile-competence-exclusive-de-la-cour-d-appel-de-paris.html,post,,,,
https://www.templeboyer-legal.fr/publication-25800-actualites-rupture-de-relation-contrat-international-clause-juridictionnelle.html,post,,,,
https://www.templeboyer-legal.fr/publication-25799-le-secteur-de-la-sante-sous-etroite-surveillance-et-contraint-a-plus-de-transparence-juillet-2012.html,post,,,,
https://www.templeboyer-legal.fr/publication-25798-quand-la-protection-legale-de-l-agent-commercial-finit-par-lui-nuire-juin-2012.html,post,,,,
https://www.templeboyer-legal.fr/publication-25797-de-l-interet-pour-une-entreprise-d-adopter-un-programme-de-conformite-partie-ii-avril-2012.html,post,,,,
https://www.templeboyer-legal.fr/publication-25796-de-l-interet-pour-une-entreprise-d-adopter-un-programme-de-conformite-partie-i-mars-2012.html,post,,,,
https://www.templeboyer-legal.fr/publication-25795-le-recours-contre-les-ordonnances-d-autorisation-de-visites-et-de-saisies-sanctionne-au-visa-de-l-article-6-1-de-la-cedh-decembre-2011.html,post,,,,
https://www.templeboyer-legal.fr/publication-25794-qui-est-le-moins-cher-la-guerre-des-prix-est-relancee-novembre-2011.html,post,,,,
https://www.templeboyer-legal.fr/publication-25793-l-interdiction-de-revente-sur-internet-un-crime-de-lese-majeste-cf-arret-de-la-cjue-du-13-octobre-2011-octobre-2011.html,post,,,,
https://www.templeboyer-legal.fr/publication-25792-points-clefs-du-communique-de-l-autorite-de-la-concurrence-sur-les-sanctions-pecuniaires-en-matiere-de-pratiques-anticoncurrentielles-juin-2011.html,post,,,,
https://www.templeboyer-legal.fr/publication-25791-l-interdiction-de-revente-sur-internet-qualifiee-de-restriction-caracterisee-par-l-avocat-general-de-la-cjue-mai-2011.html,post,,,,
https://www.templeboyer-legal.fr/publication-25790-saisies-informatiques-la-cour-de-cassation-valide-indirectement-les-pratiques-de-l-autorite-de-la-concurrence-avril-2011.html,post,,,,
https://www.templeboyer-legal.fr/publication-25789-que-retenir-des-nouvelles-regles-europeennes-en-matiere-de-cooperation-horizontale-janvier-2011.html,post,,,,
https://www.templeboyer-legal.fr/publication-25788-allegations-de-sante-quelques-pistes-pour-y-voir-plus-clair-janvier-2011.html,post,,,,
https://www.templeboyer-legal.fr/publication-25787-entreprises-en-position-forte-sur-un-marche-gare-a-votre-politique-commerciale-decembre-2010.html,post,,,,
https://www.templeboyer-legal.fr/publication-25786-les-preconisations-du-rapport-frs-du-20-septembre-2010-sur-l-appreciation-des-pratiques-anticoncurrentielles-octobre-2010.html,post,,,,
https://www.templeboyer-legal.fr/publication-25785-des-consequences-heureuses-de-la-qualification-d-aide-d-etat-septembre-2010.html,post,,,,
https://www.templeboyer-legal.fr/publication-25784-bilan-de-la-premiere-annee-d-exercice-de-l-autorite-de-la-concurrence-la-pratique-decisionnelle-et-les-affaires-marquantes-de-2009-juillet-2010.html,post,,,,
https://www.templeboyer-legal.fr/publication-25783-bilan-de-la-premiere-annee-d-exercice-de-l-autorite-de-la-concurrence-l-impact-de-la-lme-juillet-2010.html,post,,,,
https://www.templeboyer-legal.fr/publication-25782-le-nouveau-reglement-d-exemption-des-restrictions-verticales-est-arrive-mai-2010.html,post,,,,
https://www.templeboyer-legal.fr/publication-25781-fin-de-la-saga-ciments-corses-lafarge-et-vicat-echappent-a-l-abus-de-position-dominante-avril-2010.html,post,,,,
https://www.templeboyer-legal.fr/publication-25780-que-retenir-des-nouvelles-lignes-directrices-en-matiere-de-controle-des-concentrations-fevrier-2010.html,post,,,,
https://www.templeboyer-legal.fr/publication-25779-imputabilite-des-pratiques-anticoncurrentielles-d-une-filiale-a-la-societe-mere-janvier-2010.html,post,,,,
https://www.templeboyer-legal.fr/publication-25778-arrets-en-defaveur-de-l-agent-commercial-suffisamment-rares-pour-etre-releves-octobre-2009.html,post,,,,
https://www.templeboyer-legal.fr/publication-25777-delais-de-paiement-maximum-en-vigueur-depuis-le-1er-janvier-2009-developpements-recents-septembre-2009.html,post,,,,
https://www.templeboyer-legal.fr/publication-25776-pas-d-abus-de-position-dominante-sans-lien-entre-comportement-predateur-et-marche-domine-septembre-2009.html,post,,,,
https://www.templeboyer-legal.fr/publication-25775-echange-d-informations-et-ententes-illicites-la-position-des-autorites-de-concurrence-aout-2009.html,post,,,,
https://www.templeboyer-legal.fr/publication-25774-le-programme-de-clemence-francais-conditions-et-procedure-mai-2009.html,post,,,,
https://www.templeboyer-legal.fr/publication-25773-de-l-application-automatique-des-penalites-de-retard-sans-clause-contractuelle-avril-2009.html,post,,,,
https://www.templeboyer-legal.fr/publication-25772-reussir-son-programme-de-conformite-panorama-des-elements-clefs-a-l-usage-des-entreprises-mars-2009.html,post,,,,
https://www.templeboyer-legal.fr/publication-25771-precisions-utiles-sur-les-delais-de-paiement-maximum-en-vigueur-depuis-le-1er-janvier-2009-janvier-2009.html,post,,,,
https://www.templeboyer-legal.fr/publication-25770-la-nouvelle-autorite-de-la-concurrence-a-compter-du-1er-janvier-2009-decembre-2008.html,post,,,,
https://www.templeboyer-legal.fr/publication-25769-premiere-application-de-la-loi-de-blocage-francaise-ou-quand-la-cour-de-cassation-consacre-lapplication-exclusive-de-la-convention-de-la-haye-contre-les-regles-procedurales-americaines-discovery-juillet-2008.html,post,,,,
https://www.templeboyer-legal.fr/publication-25768-la-concurrence-comme-levier-de-la-croissance-dans-le-projet-de-loi-de-modernisation-de-l-economie-juin-2008.html,post,,,,
